language_no	language	predicate_no	predicate_label_en	argument_frame_en	predicate_label_ru	argument_frame_ru	verb	X	Y	locus	valency_pattern	comms	sentence	glosses_eN	back_translation_en	glosses_ru	back_translation_ru	comms_internal
20	Lezgian_Standard	1	feel_pain	X (have) Yache	болеть-1	у X-а (болеть) Y		GEN	ABS	X	GEN_ABS	The NP in the genitive is analyzed as a clause-level dependent by analogy with genealogically related languages.	Mehamed-an qˀil-∅ tˀa-zwa	PN-GEN голова-ABS болеть-IMPF	‘У Мехамеда болит голова.’			
20	Lezgian_Standard	2	have#illness#	X (have) Y	болеть-2	X (болеть) Y-ом		SBESS	ABS	X	SBESS_ABS		Mehamed-ak χuma-jar-∅ akat-nawa	PN-SBESS грипп-PL-ABS попасть-PRF	‘Мехамед болеет гриппом.’			
20	Lezgian_Standard	3	be_afraid	X (be afraid) of Y	бояться	X (бояться) Y-а		DAT	POEL	XY	DAT_POEL		Mehamed-az kitsˀ-iqʰaj kitʃˀe-zwa	PN-DAT собака-POEL бояться-IMPF	‘Мехамед боится собаки.’			
20	Lezgian_Standard	4	throw	X (throw) Y	бросить	X (бросить) Y(-а)		ERG	ABS	TR	TR		Mehamed-a qwan-∅ gadar-na	PN-ERG камень-ABS бросать-AOR	‘Мехамед бросил камень.’			
20	Lezgian_Standard	5	have_enough	X (have enough) Y	быть достаточно	X-у (хватать) Y-а		DAT	ABS	X	DAT_ABS	Non-verbal predicate.	Mehamed-az pul-∅ bes ʒe-zwa	PN-DAT деньги-ABS достаточный быть-IMPF	‘У Мехамеда достаточно денег.’			Alternative is the POESS_ABS construction: “mehamed-aqʰ bes qˀadar pul-# awa/xa-nwa” [Мехамед-poess достаточный мера деньги-abs быть.pres /иметь-prf]
20	Lezgian_Standard	6	resemble	X (resemble) Y	быть похожим	X (быть похожим) на Y(-а)		ABS	DAT	Y	ABS_DAT	Non-verbal predicate.	Mehamed-∅ Marijat-az uχʃar ja	PN-ABS PN-DAT похожий быть.PRES	‘Мехамед похож на Марият.’			
20	Lezgian_Standard	7	believe	X (believe) Y	верить	X (верить)Y-у		ABS	POESS	Y	ABS_POESS	Non-verbal predicate.	Mehamed-∅ Marijat-aqʰ inanmiʃ ja	PN-ABS PN-POESS доверительный быть.PRES	‘Мехамед верит Марият.’			
20	Lezgian_Standard	8	take	X (take) Y	взять	X (брать) Y(-а)		ERG	ABS	TR	TR		Mehamed-a qˀatsˀ-alaj ktab-∅ qatʃu-na	PN-ERG полка-SREL книга-ABS взять-AOR	‘Мехамед взял книгу с полки.’			
20	Lezgian_Standard	9	see	X (see) Y	видеть	X (видеть) Y(-а)		DAT	ABS	X	DAT_ABS		Mehamed-az kˀwal-∅ akwa-zwa	PN-DAT дом-ABS видеть-IMPF	‘Мехамед видит дом.’			
20	Lezgian_Standard	10	influence	X (influence) Y	влиять	X (влиять) на Y(-а)		ERG	DAT	Y	ERG_DAT		jaʃ-ar-i zihin-diz taʔsir-da	возраст-PL-ERG память-DAT влиять-FUT	‘Возраст влияет на память.’			
20	Lezgian_Standard	11	encounter	X (encounter) Y	встречаться	X (встречаться) с Y-ом		ABS	SRESS	Y	ABS_SRESS		Mehamed-∅ Marijat-al halt-na	PN-ABS PN-SRESS встречаться-AOR	‘Мехамед встретился с Марият.’			Alternative is the same construction with the CV verb “$9ʃ9ʃ + ‘be’”: “mehamed-# Marijat-al $9ʃ9ʃ 8!-na“ [Мехамед-abs Марият-sress встреча быть-aor]
20	Lezgian_Standard	12	enter	X (enter) Y	входить 	X (входить) в Y (дом)		ABS	DAT	Y	ABS_DAT		Mehamed-∅ kˀwal-iz hax-na	PN-ABS дом-DAT входить-AOR	‘Мехамед вошел в дом.’			
20	Lezgian_Standard	13	win	X (beat) Y	выиграть	X (выигрывать) у Y-а		ERG	ADEL	Y	ERG_ADEL		Mehamed-a Marijat-awaj ʁalibwal-∅ qatʃu-na	PN-ERG PN-ADEL победа-ABS взять-AOR	‘Мехамед выиграл у Марият.’			CV. Alternative is the construction “ʁalib + ‘become’” used in the ABS_GENwinel” pattern: “mehamed-# Marijat-an win-el ʁalib xa-na” [Мехамед-abs Марият-gen верх-sress победный стать-aor].
20	Lezgian_Standard	14	go_out	X (go out) of Y	выходить	X (выходить) из Y-а		ABS	INEL	Y	ABS_INEL		Mehamed-∅ kˀwal-aj eqetʃˀ-na	PN-ABS дом-INEL выходить-AOR	‘Мехамед вышел из дома.’			
20	Lezgian_Standard	15	drive	X (drive) Y	гнать	X (гнать) Y-а		ERG	ABS	TR	TR		Mehamed-a kal-∅ yryʃ-diz aqyd-zawa	PN-ERG корова-ABS пастбище-DAT выгнать-IMPF	‘Мехамед гонит корову на пастбище.’			Alternative is the same pattern with the verb “hal-”: “Mehamed-a kal-# (yryʃ-diz) hal-zawa” [Мехамед-erg корова-abs (пастбище-dat) гнать-impf].
20	Lezgian_Standard	16	bend	X (bend) Y	гнуть	X (гнуть) Y		ERG	ABS	TR	TR		Mehamed-a tar-an χel-∅ akˀaʒar-na	PN-ERG дерево-GEN ветка-ABS гнуть-AOR	‘Мехамед согнул ветку.’			
20	Lezgian_Standard	17	tell	X (tell) Y	говорить	X (говорить) Y-у		ERG	DAT	Y	ERG_DAT		Mehamed-a Marijat-az laha-na	PN-ERG PN-DAT сказать-AOR	‘Мехамед сказал Марият: ...’			
20	Lezgian_Standard	18	hold	X (hold)Y	держать	X (держать) Y(-а)		ERG	ABS	TR	TR		Mehamed-a ktab-∅ qˀu-nwa	PN-ERG книга-ABS держать-PRF	‘Мехамед держит книгу.’			
20	Lezgian_Standard	19	catch_up	X (catch up) with Y	догнать	X (догонять) Y(-а)		ERG	ADESS	Y	ERG_ADESS		Mehamed-a Marijat-aw agaqˀar-na	PN-ERG PN-ADESS достичь-AOR	‘Мехамед догнал Марият.’			
20	Lezgian_Standard	20	milk	X (milk) Y	доить	X (доить) Y-а		ERG	ABS	TR	TR		Marijat-a kal-∅ atsa-na	PN-ERG корова-ABS доить-AOR	‘Марият подоила корову.’			
20	Lezgian_Standard	21	reach	X (reach) Y	достичь	X (достичь) Y-а (берега) 		ABS	ADESS	Y	ABS_ADESS		Mehamed-∅ watsˀ-un qˀer-ew agaqˀ-na	PN-ABS река-GEN берег-ADESS достичь-AOR	‘Мехамед достиг берега.’			Alternative is pattern with “qereχ-diw agaqˀ-na”, which SS can’t fully interpret.
20	Lezgian_Standard	22	touch	X (touch) Y	дотронуться	X (дотрагиваться) до Y-а		ERG	SBESS	Y	ERG_SBESS		Mehamed-a tsʰl-akʰ χkˀu-na	PN-ERG стена-SBESS тронуть-AOR	‘Мехамед дотронулся до стены.’			Раньше у меня классифицировалось как TR, видимо, просто по ошибке
20	Lezgian_Standard	23	fight	X (fight) with Y	драться	X (драться) с Y-ом		ABS	POESSgalaz	Y	ABS_POESSgalaz		Mehamed-∅ Marijat-aqʰ galaz kkˀi-zwa	PN-ABS PN-POESS с сцепиться-IMPF	‘Мехамед дерется с Марият.’			
20	Lezgian_Standard	24	be_friends	X (be friends) with Y	дружить	X (дружить) с Y-ом		ERG	POESSgalaz	Y	ERG_POESSgalaz		Mehamed-a Marijat-aqʰ galaz dustwal-∅ tuχu-zwa	PN-ERG PN-POESS с дружба-ABS нести-IMPF	‘Мехамед дружит с Марият.’			CV
20	Lezgian_Standard	25	think	X (think) about Y	думать	X (думать) об Y-е (об отце)		ERG	SBEL	Y	ERG_SBEL		Mehamed-a Marijat-akaj fikir-zawa	PN-ERG PN-SBEL думать-IMPF	‘Мехамед думает о Марият.’			
20	Lezgian_Standard	26	eat	X (eat) Y	есть	X (есть) Y		ERG	ABS	TR	TR		Mehamed-a itʃ-∅ tˀy-na	PN-ERG яблоко-ABS есть-AOR	‘Мехамед съел яблоко.’			
20	Lezgian_Standard	27	fry	X (fry) Y	жарить	X (жарить) Y		ERG	ABS	TR	TR		Mehamed-a baluʁ-∅ qawurmiʃ-na	PN-ERG рыба-ABS жарить-AOR	‘Мехамед пожарил рыбу.’			
20	Lezgian_Standard	28	wait	X (wait) for Y	ждать	X (ждать) Y-а (сына)		ERG	ABS	TR	TR		Mehamed-a Marijat-∅ gyzlemiʃ-zawa	PN-ERG PN-ABS ждать-IMPF	‘Мехамед ждет Марият.’			
20	Lezgian_Standard	29	forget	X (forget) (about) Y	забывать	X (забывать) об Y-е		GEN	ABS	X	GEN_ABS	The NP in the genitive is analyzed as a clause-level dependent by analogy with genealogically related languages.	Mehamed-an rikˀ-elaj myky reqʰ-∅ alat-na	PN-GEN сердце-SREL другой дорога-ABS уйти-AOR	‘Мехамед забыл о другой дороге.’			CV
20	Lezgian_Standard	30	depend	X (depend) on Y	зависеть	X (зависеть) от Y-а		ABS	SREL	Y	ABS_SREL	Non-verbal predicate.	zihin-∅ jaʃ-ar-ilaj aslu ja	память-ABS возраст-PL-SREL зависимый быть.PRES	‘Память зависит от возраста.’			
20	Lezgian_Standard	31	call	X (call) Y	звать	X (звать) Y-а		ERG	DAT	Y	ERG_DAT		Mehamed-a Marijat-az ewer-na	PN-ERG PN-DAT звать-AOR	‘Мехамед позвал Марият.’			
20	Lezgian_Standard	32	get_to_know	X (get to know) Y	знакомиться	X (знакомиться) с Y-ом		ABS	POESSgalaz	Y	ABS_POESSgalaz	Non-verbal predicate.	Mehamed-∅ sa jis-∅ idalaj wilik Marijat-aqʰ galaz taniʃ xa-na	PN-ABS один год-ABS это-SREL впереди PN-POESS с знакомый стать-AOR	‘Мехамед познакомился с Марият год тому назад.’			
20	Lezgian_Standard	33	know	X (know) Y	знать 	X (знать) Y-а		DAT	ABS	X	DAT_ABS		Mehamed-az Marijat-∅ tʃi-zwa	PN-DAT PN-ABS знать-IMPF	‘Мехамед знает Марият.’			
20	Lezgian_Standard	34	play#instrument#	X (play) Y	играть	X (играть) на Y-е		ERG	ABS	TR	TR		Mehamed-a gitara-∅ ja-zawa	PN-ERG гитара-ABS ударять-IMPF	‘Мехамед играет на гитаре.’			
20	Lezgian_Standard	35	avoid	X (avoid) Y	избегать	X (избегать) Y-а		ERG	SBEL	Y	ERG_SBEL		Mehamed-a Marijat-akaj qˀil-∅ qaqud-zawa	PN-ERG PN-SBEL голова-ABS относить-IMPF	‘Мехамед избегает Марият.’			CV
20	Lezgian_Standard	36	make	X (make) Y	изготовить	X (изготовить) Y		ERG	ABS	TR	TR		Mehamed-a bomba-∅ ras-na	PN-ERG бомба-ABS изготовлять-AOR	‘Мехамед изготовил бомбу.’			
20	Lezgian_Standard	37	make_fun	X (make fun) of Y	издеваться	X (издеваться) над Y-ом		ERG	SBEL	Y	ERG_SBEL		Mehamed-a Marijat-akaj jahanatar-zawa	PN-ERG PN-SBEL издеваться-IMPF	‘Мехамед издевается над Марият.’			
20	Lezgian_Standard	38	have	X (have) Y	иметь	X (иметь) Y		POESS	ABS	X	POESS_ABS		Mehamed-aqʰ maʃin-∅ awa	PN-POESS машина-ABS иметь.PRES	‘у Мехамеда есть машина.’			
20	Lezgian_Standard	39	look_for	X (look for) Y	искать	X (искать) Y(-а)		ERG	ABS	TR	TR		Mehamed-a kylegar-∅ ʒaʁur-zawa	PN-ERG ключи-ABS искать-IMPF	‘Мехамед ищет ключи.’			
20	Lezgian_Standard	40	paint	X (paint) Y	красить	X (красить) Y		ERG	DAT	Y	ERG_DAT		Mehamed-a tʃʰapʰar-diz ʃir-∅ ja-na	PN-ERG забор-DAT краска-ABS ударять-AOR	‘Мехамед покрасил забор.’			CV
20	Lezgian_Standard	41	bite	X (bite) Y	кусать	X (кусать) Y-а		ERG	ABS	TR	TR		kitsˀ-i Mehamed-∅ kˀas-na	собака-ERG PN-ABS кусать-AOR	‘Собака укусила Мехамеда.’			
20	Lezgian_Standard	42	forfeit	X (lose) Y	лишаться	X (лишаться) Y-а		ABS	SBEL	Y	ABS_SBEL		Mehamed-∅ kˀwal-ikaj mahrum xa-na	PN-ABS дом-SBEL лишенный стать-AOR	‘Мехамед лишился дома.’			CV
20	Lezgian_Standard	43	try_to_catch	X (try to catch) Y	ловить	X (ловить) Y(-а)		ERG	ABS	TR	TR		Mehamed-a kats-∅ qˀa-zwa	PN-ERG кошка-ABS ловить-IMPF	‘Мехамед ловит кошку.’			
20	Lezgian_Standard	44	break	X (break) Y	ломать	X (ломать) Y		ERG	ABS	TR	TR		Mehamed-a laʃ-∅ χa-na	PN-ERG палка-ABS ломать-AOR	‘Мехамед сломал палку.’			
20	Lezgian_Standard	45	flatter	X (flatter) Y	льстить	X (льстить) Y-у		ERG	DAT	Y	ERG_DAT		Mehamed-a Marijat-az jaltaχwal-zawa	PN-ERG PN-DAT льстить-IMPF	‘Мехамед льстит Марият.’			
20	Lezgian_Standard	46	love1	X (love) Y	любить-1	X (любить) Y-а (сына)		DAT	ABS	X	DAT_ABS		Mehamed-az Marijat-∅ kˀan-zawa	PN-DAT PN-ABS любить-IMPF	‘Мехамед любит Марият.’			
20	Lezgian_Standard	47	wave	X (wave) Y	махать	X (махать) Y-ом		ERG	ABS	TR	TR		Marijat-a jaʁluχ-∅ juzur-zawa	PN-ERG платок-ABS махать-IMPF	‘Марият машет платком.’			
20	Lezgian_Standard	48	dream	X (dream) of Y	мечтать	X (мечтать) об Y-е		ERG	SBEL	Y	ERG_SBEL		Mehamed-a maʃin-dakaj χijalar-zawa	PN-ERG машина-SBEL мечтать-IMPF	‘Мехамед мечтает о машине.’			
20	Lezgian_Standard	49	wash	X (wash) Y	мыть	X (мыть) Y		ERG	ABS	TR	TR		Marijat-a tʃʰaʃka-∅ tʃʰyχwe-na	PN-ERG чашка-ABS мыть-AOR	‘Марият вымыла чашку.’			
20	Lezgian_Standard	50	put_on	X (put_on) Y	надевать	X (надевать) Y		ERG	ABS	TR	TR		Mehamed-a ʃalwar-∅ alukˀ-na	PN-ERG штаны-ABS надевать-AOR	‘Мехамед надел штаны.’			
20	Lezgian_Standard	51	be_called	X (be_called) Y	называться	X (называться) Y		DAT	ABS(NO.AGR)	XY	DAT_ABS(NO.AGR)	Transimpersonal construction.	i ʃej-iniz kompas-∅ luhu-da	этот предмет-DAT компас-ABS говорить-FUT	‘Этот предмет называется компас.’			
20	Lezgian_Standard	52	punish	X (punish) Y	наказывать	X (наказывать) Y-а		ERG	ABS	TR	TR		Mehamed-a witʃʰin χwa-∅ ʒazalamiʃ-na	PN-ERG сам-GEN сын-ABS наказать-AOR	‘Мехамед наказал своего сына.’			Почему-то в первой версии у меня не было этого глагола. Вроде обычный переходный глагол
20	Lezgian_Standard	53	attack	X (attack) Y	напасть	X (нападать) на Y-а		ERG	SRESS	Y	ERG_SRESS		sew-re baluʁtʃʰid-al huʒum-na	медведь-ERG рыбака-SRESS напасть-AOR	‘Медведь напал на рыбака.’			
20	Lezgian_Standard	54	fill#intr#	X (fill) with Y	наполняться	X (наполняться) Y-ом		ABS	ADESS	Y	ABS_ADESS		bidre-∅ ts-iw atsˀa-na	ведро-ABS вода-ADESS наполняться-AOR	‘Ведро наполнилось водой.’			
20	Lezgian_Standard	55	find	X (find) Y	находить	X (находить) Y(-а)		DAT	ABS	X	DAT_ABS		Mehamed-az kyleg-ar-∅ ʒaʁa-na	PN-DAT ключ-PL-ABS находить-AOR	‘Мехамед нашел ключи.’			
20	Lezgian_Standard	56	be_short	X (be short) Y	недоставать	X-у (недоставать) Y-a		DAT	ABS	X	DAT_ABS	Non-verbal predicate.	Mehamed-az ca dollar-∅ kimi ja	PN-DAT один доллар-ABS недостачный быть.PRES	‘Мехамеду недостает одного доллара.’			
20	Lezgian_Standard	57	hate	X (hate) Y	ненавидеть	X (ненавидеть) Y-а		DAT	ABS	X	DAT_ABS		Mehamed-az Marijat-∅ takˀan-zawa	PN-DAT PN-ABS ненавидеть-IMPF	‘Мехамед ненавидит Марият.’			
20	Lezgian_Standard	58	like	X (like) Y	нравиться	X-у (нравиться) Y		DAT	ABS	X	DAT_ABS	Non-verbal predicate.	Mehamed-az i perem-∅ begenmiʃ ja	PN-DAT эта рубашка-ABS приятный быть.PRES	‘Мехамеду нравится эта рубашка.’			
20	Lezgian_Standard	59	need	X (need) Y	нуждаться	X (нуждаться) в Y-е		DAT	ABS	X	DAT_ABS		Mehamed-az pul-∅ gerek-zawa	PN-DAT деньги-ABS нуждаться-IMPF	‘Мехамеду нужны деньги.’			
20	Lezgian_Standard	60	surround	X (surround) Y	окружать	X (окружать) Y (стена город)		ERG	ABS	TR	TR		tsʰl-ar-i ʃeher-∅ elqyr-na qˀun-wa	стена-PL-ERG город-ABS окружать-AOC держать-PRF	‘Стены окружают город.’			В первой (по крайней мере) вресии статьи Р.Г. не хотел учитывать этот предикат, т.к. он CV. Но я беру
20	Lezgian_Standard	61	remain	X (have) Y left	оставаться	у X-а (оставаться) Y		POESS	ABS	X	POESS_ABS		Mehamed-aqʰ tsˀud dollar-∅ ama	PN-POESS десять доллар-ABS оставаться-AOR	‘У Мехамеда осталось десять долларов.’			
20	Lezgian_Standard	62	answer	X (answer) Y	отвечать	X (отвечать) Y-у		ERG	DAT	Y	ERG_DAT		Mehamed-a muallim-diz ʒawab-∅ ga-na	PN-ERG учитель-DAT ответ-ABS дать-AOR	‘Мехамед ответил учителю.’			CV
20	Lezgian_Standard	63	open	X (open) Y	открывать	X (открывать) Y		ERG	ABS	TR	TR		Mehamed-a banka-∅ aqʰaj-na	PN-ERG банка-ABS открывать-AOR	‘Мехамед открыл банку.’			
20	Lezgian_Standard	64	be_different	X (be different) from Y	отличаться	X (отличаться) от Y-а		ABS	SREL	Y	ABS_SREL	Non-verbal predicate.	zi perem-∅ wid-alaj tafawatlu ja	мой рубашка-ABS твой-SREL отличный быть.PRES	‘Моя рубашка отличается от твоей.’			
20	Lezgian_Standard	65	fall_behind	X (fall behind) Y	отстать	X (отставать) от Y-а		ABS	SREL	Y	ABS_SREL		Mehamed-∅ Marijat-alaj gyʁyna amuqˀ-na	PN-ABS PN-SREL позади оставаться-AOR	‘Мехамед отстал от Марият.’			CV
20	Lezgian_Standard	66	plough	X (plough) Y	пахать	X (пахать) Y		ERG	ABS	TR	TR		Mehamed-a nikʰ-∅ tsa-zwa	PN-ERG пашня-ABS пахать-IMPF	‘Мехамед пашет поле.’			
20	Lezgian_Standard	67	smell	X (smell) like / of Y	пахнуть	X (пахнуть) Y-ом		*	*	*		Not included in the database because Y is expressed as an NP-internal modifier.	zi ʁil-er-iqʰaj benzin-din ni-∅ qwe-zwa	мой рука-PL-POEL бензин-GEN запах-ABS приходить-IMPF	‘Мои руки пахнут бензином.’			
20	Lezgian_Standard	68	cross	X (cross) Y	пересечь	X (пересекать) Y (улицу) 		ABS	SREL	Y	ABS_SREL		Mehamed-∅ reqˀ-elaj elatʃˀ-na	PN-ABS дорога-SREL перейти-AOR	‘Мехамед пересек дорогу.’			
20	Lezgian_Standard	69	sing	X (sing) Y	петь	X (петь) Y		ERG	ABS	TR	TR		Marijat-a sa gyzel mani-∅ laha-na	PN-ERG один красивый песня-ABS говорить-AOR	‘Марият спела красивую песню.’			
20	Lezgian_Standard	70	write	X (write) Y	писать	X (писать) Y		ERG	ABS	TR	TR		Mehamed-a kaʁaz-∅ kxe-na	PN-ERG письмо-ABS писать-AOR	‘Мехамед написал письмо.’			
20	Lezgian_Standard	71	drink	X (drink) Y	пить	X (пить) Y		ERG	ABS	TR	TR		Mehamed-a nekʰ-∅ qʰwa-na	PN-ERG молоко-ABS пить-AOR	‘Мехамед выпил молоко.’			
20	Lezgian_Standard	72	melt	X (melt) Y	плавить	X (плавить) Y		ERG	ABS	TR	TR		Mehamed-a qˀurqˀuʃum-din kˀus-∅ tsˀurur-na	PN-ERG свинец-GEN кусок-ABS плавить-AOR	‘Мехамед расплавил кусок свинца.’			
20	Lezgian_Standard	73	match	X (match) Y	подходить	X (подходить) к Y-у (пояс к платью)		ABS	POESSgalaz	Y	ABS_POESSgalaz		i tʃˀul-∅ zi perem-diqʰ galaz qˀa-zwa	этот пояс-ABS мой платье-POESS с держать-IMPF	‘Этот пояс подходит к моему платью».’			
20	Lezgian_Standard	74	leave	X (leave) Y	покидать	X (покидать) Y(-а)		ERG	ABS	TR	TR		Mehamed-a χaji ʃeher-∅ gadar-na fe-na	PN-ERG родной город-ABS бросать-AOC пойти-AOR	‘Мехамед покинул родной город.’			CV
20	Lezgian_Standard	75	cover	X (cover) Y	покрывать	X (покрывать) Y		ERG	ABS	TR	TR		gam-uni wiri pol-∅ kˀewir-zawa	ковер-ERG весь пол-ABS покрывать-IMPF	‘Ковер покрывает весь пол.’			
20	Lezgian_Standard	76	remember	X (remember) Y	помнить	X (помнить) Y-а		GEN	ABS	X	GEN_ABS	The NP in the genitive is analyzed as a clause-level dependent by analogy with genealogically related languages.	Mehamed-an rikˀ-el i kˀwal-∅ qʰsandis alama	PN-GEN сердце-SRESS этот дом-ABS хорошо оставаться.PRES	‘Мехамед хорошо помнит этот дом.’			CV
20	Lezgian_Standard	77	help	X (help) Y	помочь	X (помогать) Y-у		ERG	DAT	Y	ERG_DAT		Mehamed-a Marijat-az kʰymekʰ-∅ ga-na	PN-ERG PN-DAT помощь-ABS дать-AOR	‘Мехамед помог Марият.’			Alternative is the same pattern used with a simplex verb: “mehamed-a Marijat-az kʰymekʰ-na” [Мехамед-erg Марият-dat помочь-aor].
20	Lezgian_Standard	78	understand	X (understand) Y	понимать	X (понимать) Y		*	*	*			Mehamed-∅ frantsuz tʃˀal-an ʁawur-da aqˀa-zwa	PN-ABS французский язык-GEN понимание-INESS попасть-IMPF	‘Мехамед понимает французский язык.’			CV
20	Lezgian_Standard	79	hit#target#	X (hit) Y	попасть	X (попадать) в Y (молния в дом)		ABS	POESS	Y	ABS_POESS		tsˀajlapʰan-∅ kˀwal-iqʰ galuqˀ-na	молния-ABS дом-POESS задеть-AOR	‘Молния попала в дом.’			
20	Lezgian_Standard	80	cut_oneself	X (cut oneself) with Y	порезаться	X (резаться) Y-ом		ABS	ERG(NON.CORE)	Y	ABS_ERG(NON.CORE)		Mehamed-∅ ylgyʒ-di atˀa-na	PN-ABS бритва-ERG порезать-AOR	‘Мехамед порезался бритвой.’			
20	Lezgian_Standard	81	get_stuck	X (get stuck) to Y	прилипать	X (прилипать) к Y-у		ABS	SRESS	Y	ABS_SRESS		istikˀan-∅ sufra-dal alkˀa-na	стакан-ABS стол-SRESS прилипать-AOR	‘Стакан прилип к столу.’			
20	Lezgian_Standard	82	lose#game#	X (lose) to Y	проиграть	X (проиграть) Y-у		ABS	DAT	Y	ABS_DAT		Mehamed-∅ Marijat-az kumuqˀ-na	PN-ABS PN-DAT оставаться.при-AOR	‘Мехамед проиграл Марият.’			
20	Lezgian_Standard	83	be_glad	X (be glad) about Y	радоваться	X (радоваться) Y-у		ABS	DAT	Y	ABS_DAT		Mehamed-∅ kʰaʁaz-diz ʃad xa-na	PN-ABS письмо-DAT радостный стать-AOR	‘Мехамед обрадовался письму.’			CV
20	Lezgian_Standard	84	speak	X (speak) with Y	разговаривать	X (разговаривать) с Y-ом		ABS	POESSgalaz	Y	ABS_POESSgalaz		Mehamed-∅ Marijat-aqʰ galaz raχa-zwa	PN-ABS PN-POESS с разговаривать-IMPF	‘Мехамед разговаривает с Марият.’			
20	Lezgian_Standard	85	give_birth	X (give birth) to Y	рожать	X (рожать) Y-а		ERG	ABS	TR	TR		Marijat-a gada-∅ χa-na	PN-ERG сын-ABS рожать-AOR	‘Марият родила сына.’			
20	Lezgian_Standard	86	drop	X (drop) Y	ронять	X (ронять) Y		ERG	ABS	TR	TR		Mehamed-a istikˀan-∅ awud-na	PN-ERG стакан-ABS ронять-AOR	‘Мехамед уронил стакан.’			
20	Lezgian_Standard	87	govern	X (govern) Y	руководить	X (руководить) Y		ERG	SRESS	Y	ERG_SRESS		Mehamed-a tʃʰi posjolok-dal rehberwal-zawa	PN-ERG наш поселок-SRESS руководить-IMPF	‘Мехамед руководит нашим поселком.’			
20	Lezgian_Standard	88	miss	X (miss) Y	скучать	X (скучать) по Y-у		ABS	POESS	Y	ABS_POESS		Mehamed-∅ Marijatʰ-aqʰ dariχ xan-wa	PN-ABS PN-POESS грустный стать-PRF	‘Мехамед скучает по Марият.’			CV
20	Lezgian_Standard	89	follow	X (follow) Y	следовать	X (следовать) за Y-ом		*	*	*		Not included in the database because Y is expressed as an NP within a dependent clause.	Mehamed-∅ Marijatʰ-an gyʁyna awa-z fi-zwa	PN-ABS PN-GEN позади быть-INF идти-IMPF	‘Мехамед следует за Марият.’			
20	Lezgian_Standard	90	dismount	X (get down) from Y	слезать	X (слезать) с Y-a (с лошади)		ABS	SREL	Y	ABS_SREL		Mehamed-∅ balkˀan-dilaj ewitʃˀ-na	PN-ABS лошадь-SREL слезать-AOR	‘Мехамед слез с лошади.’			
20	Lezgian_Standard	91	listen	X (listen) to Y	слушать	X (слушать) Y		ERG	POESS	Y	ERG_POESS		Mehamed-a radio-diqʰ jab-∅ akʰal-zawa	PN-ERG радио-POESS ухо-ABS присоединять-IMPF	‘Мехамед слушает радио.’			CV
20	Lezgian_Standard	92	obey	X (obey) Y	слушаться	X (слушаться) Y-a		*	*	*		Not included in the database because Y is expressed as an NP-internal modifier.	Marijatʰ-∅ dide-din tʃˀal-az kʰilig-zawa	PN-ABS мать-GEN слово-DAT смотреть-IMPF	‘Марият слушается маму.’			У Р.Г. в статье классифицируется как ABS GEN, но Y кодируется на самом деле как посессор имени в составе CV смотреть на слово кого)
20	Lezgian_Standard	93	hear	X (hear) Y	слышать	X (слышать) Y		*	*	*		Not included in the database because Y is expressed as an NP-internal modifier.	Mehamed-az muzɨka-din wan-∅ qwe-zwa	PN-DAT музыка-GEN звук-ABS приходить-IMPF	‘Мехамед слышит музыку.’			CV
20	Lezgian_Standard	94	mix	X (get mixed) with Y	смешаться	X (смешаться) с Y-ом		ABS	POESSgalaz	Y	ABS_POESSgalaz		wirtʰ-∅ nekˀe-diqʰ galaz akʰax-na	мед-ABS молоко-POESS с смешаться-AOR	‘Мед смешался с молоком.’			
20	Lezgian_Standard	95	look	X (look) at Y	смотреть	X (смотреть) на Y		ABS	DAT	Y	ABS_DAT		Mehamed-∅ bulutʰ-r-iz kʰilig-zawa	PN-ABS туча-PL-DAT смотреть-IMPF	‘Мехамед смотрит на тучи.’			
20	Lezgian_Standard	96	take_off	X (take off) Y	снимать	X (снимать) Y (рубашку)		ERG	ABS	TR	TR		Mehamed-a perem-∅ χutˀun-na	PN-ERG рубашка-ABS снимать-AOR	‘Мехамед снял рубашку.’			
20	Lezgian_Standard	97	dream#sleeping#	X (dream) about Y	сниться	X-у (сниться) Y		DAT	ABS	X	DAT_ABS		Mehamed-az Marijatʰ-∅ aχwar-aj akwa-zwa	PN-DAT PN-ABS сон-INEL видеть-IMPF	‘Мехамеду снится Марият.’			CV
20	Lezgian_Standard	98	agree	X (agree) with Y	соглашаться	X (соглашаться) с Y-ом		ABS	POESSgalaz	Y	ABS_POESSgalaz		Mehamed-∅ Marijatʰ-aqʰ galaz razi xa-na	PN-ABS PN-POESS с согласный стать-AOR	‘Мехамед согласился с Марият.’			CV
20	Lezgian_Standard	99	have_a_quarrel	X (have a quarrel) with Y	ссориться	X (ссориться) с кем Y		ABS	POESSgalaz	Y	ABS_POESSgalaz		Mehamed-∅ Marijatʰ-aqʰ galaz qal maqal xa-na	PN-ABS PN-POESS с ссора стать-AOR	‘Мехамед поссорился с Марият.’			CV
20	Lezgian_Standard	100	cost	X (cost) Y	стоить	X (стоить) Y (один доллар)		*	*	*		Not included in the database because X is expressed as an NP-internal modifier.	i tʃʰaʃka-din qimetʰ-∅ sa dollar-∅ ja	этот чашка-GEN цена-ABS один доллар-ABS быть.PRES	‘Эта чашка стоит один доллар.’			
20	Lezgian_Standard	101	shoot_at	X (shoot) at Y	стрелять	X (стрелять) в Y-а		ERG	ABS	TR	TR		Mehamed-a nykˀ-∅ ja-na amma aqˀu-na-tʃʰ	PN-ERG птица-ABS стрелять-AOR но попасть-AOR-NEG	‘Мехамед выстрелил в птицу, но не попал.’			
20	Lezgian_Standard	102	pour	X (pour) Y	сыпать	X (сыпать) Y		ERG	ABS	TR	TR		Mehamed-a tʃʰaʃka-diz ʃekʰer-∅ wehe-na	PN-ERG чашка-DAT сахар-ABS бросать-AOR	‘Мехамед насыпал сахар в чашку.’			
20	Lezgian_Standard	103	lose	X (lose) Y	терять	X (терять) Y		ERG	ABS	TR	TR		Mehamed-a kyleg-ar-∅ kʰwadar-na	PN-ERG ключ-PL-ABS терять-AOR	‘Мехамед потерял ключи.’			
20	Lezgian_Standard	104	sink	X (sink) in Y	тонуть	X (тонуть) в Y-е		ABS	INESS	Y	ABS_INESS		tʃʰχa-∅ its-e batʰmiʃ xa-na	полено-ABS вода-INESS погружение стать-AOR	‘Полено утонуло в воде.’			CV
20	Lezgian_Standard	105	kill	X (kill) Y	убивать	X (убивать) Y-а		ERG	ABS	TR	TR		Mehamed-a Marijatʰ-∅ qˀe-na	PN-ERG PN-ABS убивать-AOR	‘Мехамед убил Марият.’			
20	Lezgian_Standard	106	hit	X (hit) Y	ударить	X (ударять) Y-а		ERG	ABS	TR	TR		Mehamed-a Marijatʰ-∅ ja-na	PN-ERG PN-ABS ударить-AOR	‘Мехамед ударил Марият.’			
20	Lezgian_Standard	107	kiss	X (kiss) Y	целовать	X (целовать) Y-а		ERG	DAT	Y	ERG_DAT		Mehamed-a Marijatʰ-az tʰemen-∅ ga-na	PN-ERG PN-DAT поцелуй-ABS дать-AOR	‘Мехамед поцеловал Марият.’			CV
20	Lezgian_Standard	108	read	X (read) Y	читать	X (читать) Y-а		ERG	ABS	TR	TR		Mehamed-a qariba kʰtab-∅ kˀel-na	PN-ERG интересный книга-ABS читать-AOR	‘Мехамед прочитал интересную книгу.’			
20	Lezgian_Standard	109	move#bodypart#	X (move) Y	шевелить	X (шевелить) Y-ом		ERG	ABS	TR	TR		Mehamed-a tˀub-∅ juzur-na	PN-ERG палец-ABS шевелить-AOR	‘Мехамед пошевелил пальцем.’			
20	Lezgian_Standard	110	respect	X (respect) Y	уважать	X (уважать) Y-а		ERG	DAT	Y	ERG_DAT		Mehamed-a Marijatʰ-az hyrmetʰ-zawa	PN-ERG PN-DAT уважать-IMPF	‘Мехамед уважает Марият.’			
20	Lezgian_Standard	111	be_squeamish	X (be squeamish) about Y	брезговать	X (брезговать) Y-ом		DAT	ABS	X	DAT_ABS	This sentence is semantically slightly different from the stimulus.	Mehamed-az qˀatsˀaj qap-ar-∅ takˀan ʒe-zwa	PN-DAT грязный сосуд-PL-ABS отвратительный становится-IMPF	‘Мехамед брезгует грязной посудой.’			
20	Lezgian_Standard	112	be_content	X (be content) with	быть довольным	X (быть довольным) Y-ом		ABS	SREL	Y	ABS_SREL	Non-verbal predicate.	Mehamed-∅ witʃʰ-in χts-elaj razi ja	PN-ABS сам-GEN сын-SREL согласный быть.PRES	‘Мехамед доволен своим сыном.’			
20	Lezgian_Standard	113	fall_in_love	X (fall in love) with Y	влюбляться	X (влюбляться) в Y-a		ABS	SRESS	Y	ABS_SRESS		Mehamed-∅ Marijatʰ-al aʃuqˀ xa-nwa	PN-ABS PN-SRESS влюбленный стать-PRF	‘Мехамед влюбился в Марият.’			CV
20	Lezgian_Standard	114	trust	X (trust) Y	доверять	X (доверять) Y-у		ERG	DAT	Y	ERG_DAT		Mehamed-a Marijatʰ-az iχtibar-zawa	PN-ERG PN-DAT доверять-IMPF	‘Мехамед доверяет Марият.’			
20	Lezgian_Standard	115	sympathise	X (sympathise) with Y	жалеть	X (жалеть) Y-а		ERG	GEN	Y	ERG_GEN	The NP in the genitive is analyzed as a clause-level dependent by analogy with genealogically related languages.	Mehamed-a witʃʰ-in dide-din jazuχ-∅ tʃˀugwa-zwa	PN-ERG сам-GEN мать-GEN жалость-ABS тянуть-IMPF	‘Мехамед жалеет свою мать.’			CV
20	Lezgian_Standard	116	envy	X (envy) Y	завидовать	X (завидовать) Y-у		ABS	SRESS	Y	ABS_SRESS	Non-verbal predicate.	Mehamed-∅ Marijatʰ-al pʰeχil ja	PN-ABS PN-SRESS завидующий быть.PRES	‘Мехамед завидует Марият.’			
20	Lezgian_Standard	117	be_angry	X (be angry) with Y	злиться	X (злиться) на Y-а		DAT	SBEL	XY	DAT_SBEL		Mehamed-az Marijatʰ-akʰaj qʰel-∅ qwe-zwa	PN-DAT PN-SBEL гнев-ABS приходить-IMPF	‘Мехамед злится на Марият.’			
20	Lezgian_Standard	118	be_surprised	X (be surprised) at Y	удивляться	X (удивляться) Y-у		ABS	SRESS	Y	ABS_SRESS		Mehamed-∅ i sawqˀatʰ-dal tʰaʒub xa-na	PN-ABS этот подарок-SRESS удивленный становиться-AOR	‘Мехамед удивился этому подарку.’			CV. Same as 125.
20	Lezgian_Standard	119	love2	X (love) Y	любить-2	X (любить) Y (чай/яблоки)		DAT	ABS	X	DAT_ABS		Mehamed-az tʃʰaj-∅ kˀan-da	PN-DAT чай-ABS любить-FUT	‘Мехамед любит чай.’			
20	Lezgian_Standard	120	enjoy	X (enjoy) Y	наслаждаться	X (наслаждаться) Y-ом		ERG	SBEL	Y	ERG_SBEL		Mehamed-a kuzwaj tʃʰajun-ikʰaj lezetʰ-∅ χkud-zawa	PN-ERG горячий чай-SBEL наслаждение-ABS извлекать-IMPF	‘Мехамед наслаждается горячим чаем.’			CV
20	Lezgian_Standard	121	want	X (want) Y	хотеть	X (хотеть) Y-а		DAT	ABS	X	DAT_ABS		Mehamed-az tsˀiji telefon-∅ kˀan-zawa	PN-DAT новый телефон-ABS хотеть-IMPF	‘Мехамед хочет новый мобильник.’			
20	Lezgian_Standard	122	have_a_grudge	X (have a grudge) against Y	сердиться	X (сердиться) на Y-а		DAT	SBEL	XY	DAT_SBEL		Mehamed-az Marijatʰ-akʰaj qʰel-∅ awa	PN-DAT PN-SBEL гнев-ABS иметь.PRES	‘Мехамед сердится на Марият.’			CV
20	Lezgian_Standard	123	take_offence	X (take_offence) at Y	обижаться	X (обижаться) на Y-а		ABS	SREL	Y	ABS_SREL		Mehamed-∅ Marijatʰ-alaj bejkʰef xa-na	PN-ABS PN-SREL печальный становиться-AOR	‘Мехамед обиделся на Марият.’			CV
20	Lezgian_Standard	124	upset	X (upset) Y	огорчать	X (огорчать) Y-а		ERG	ABS	TR	TR		Mehamed-a Marijatʰ-∅ pʰaʃmanar-na	PN-ERG PN-ABS огорчать-AOR	‘Мехамед очень огорчил Марият.’			
20	Lezgian_Standard	125	marvel	X (marvel) at Y	поражаться	X (поражаться) Y-у		ABS	SRESS	Y	ABS_SRESS		Mehamed-∅ i ʃeher-dal tʰaʒub xa-na	PN-ABS этот город-SRESS удивленный стать-AOR	‘Мехамед поразился этому городу.’			CV. Same as 118.
20	Lezgian_Standard	126	despise	X (despise) Y	презирать	X (презирать) Y-а		ERG	ABS	TR	TR		Mehamed-a Marijatʰ-∅ neh-zawa	PN-ERG PN-ABS презирать-IMPF	‘Мехамед презирает Марият.’			
20	Lezgian_Standard	127	get_upset	X (get upset) with Y	огорчаться	X (огорчаться) из-за Y-а		*	*	*		Not included in the database because Y is expressed as an NP within a dependent clause.	witʃʰ-in χts-iz kʰiligna Mehamed-an rikˀ-∅ tˀar xa-na	сам-GEN сын-DAT смотреть-AOC PN-GEN сердце-ABS больной становиться-AOR	‘Мехамед огорчился из-за своего сына.’			
20	Lezgian_Standard	128	get_irritated	X (get irritated) with Y	раздражаться	X (раздражаться) на Y-а		*	*	*		No satisfactory translation has been obtained.	*	*	*			Не считаем, т.к. тот же перевод, что для 117 и 122
20	Lezgian_Standard	129	be_fond	X (be fond) of Y	симпатизировать	X (симпатизировать) Y-у		DAT	SBEL	XY	DAT_SBEL		Mehamed-az Marijatʰ-akʰaj χuʃ-∅ qwe-zwa	PN-DAT PN-SBEL приятность-ABS приходить-IMPF	‘Мехамед симпатизирует Марият.’			CV
20	Lezgian_Standard	130	be_shy	X (be shy) about Y	стесняться	X (стесняться) Y-а		DAT	SBEL	XY	DAT_SBEL		Mehamed-az witʃʰ-in buj-dikʰaj reʁy-zwa	PN-DAT сам-GEN рост-SBEL стесняться-IMPF	‘Мехамед стесняется своего роста.’			